2700.08,1889.91
2751.19,1868.04
2749.56,1876.15
2753.88,1899.76
2769.3,1902.29
2783.99,1875.42
2797.05,1857.32
2789.07,1870.44
2790.45,1874.69
2809.44,1897.31
2817.18,1915.71
2804.35,1919.41
2825.56,1909.54
2831.58,1907.87
2833.95,1882.95
2756.42,1914.74
2722.99,1918.04
2737.9,1935.97
2781.05,1942.5
2782.27,1938.96
2737.41,1942.41
2748.07,1947.46
2798.74,1967.85
2784.67,1914.73
2745.63,1913.12
2765.77,1913.81
2751.72,1899.13
2701.02,1897.11
2715.61,1927.86
2700.97,1940.96
2667.33,1944.34
2616.82,1928.94
2636.05,1925.98
2643.67,1927.68
2692.09,1901.8
2683.87,1895.54
2698.3,1904.63
2736.42,1929.32
2743.06,1950.26
2730.68,1957.26
2756.89,1953.64
2776.79,1962.52
2781.07,1955.72
2789.6,1988.96
2789.19,1986.14
2791.19,1996.59
2799.82,2009.05
2796.14,2017.48
2780.41,2009.24
2771.51,2026.3
2744.79,2020.28
2761.52,2037.09
2760.22,2038.11
2764.65,2037.53
2735.38,2029.6
2744.97,2022.19
2802.51,2033.32
2820.16,2043.49
2825.88,2051
2847.54,2070.08
2869.88,2085.14
2872.53,2082.55
2873.54,2077.61
2864.08,2086.2
2841.62,2080.81
2828.23,2088.32
2814.72,2094.95
2827.56,2089.48
2843.25,2108.17
2871.89,2099.85
2845.06,2096.48
2863.04,2115.69
2828.47,2106.66
2782.31,2069.92
2783.21,2082.16
2815,2086.67
2823.31,2110.46
2803.32,2115.01
2758.9,2107.87
2746.16,2069.73
2761.38,2072.03
2782.92,2081.74
2796.86,2069.7
2835.3,2045.58
2769.19,2008.5
2773.31,1977.19
2732.78,2014.59
2702.56,2010.52
2701.56,1989.11
2675.38,1977.22
2684.87,2013.14
2643.73,2005.3
2639.69,1969.92
2678.72,1961.63
2631.46,1949.88
2623.7,1963.43
2616.48,1939.3
2629.66,1928.24
2687.26,1970.66
2669.19,2004.68
2686.75,1980.27
2652.89,1996.32
2688.28,2001.47
2729.31,1981.58
2740.49,1955.54
2773.52,1971.23
2816.03,1923.92
2825.77,1957.97
2834.02,1959.03
2872.66,1981.13
2859.81,2003.42
2802.62,2013.66
2781.91,2012.18
2796.92,2036.78
2762.67,2054.04
2789.8,2056.39
2765.11,2072.13
2826.52,2091.38
2814.23,2106.7
2834.43,2121.01
2858.83,2115.87
2842.8,2130.43
2839.96,2126.71
2764.79,2122.14
2766.25,2127.97
2756.38,2122.39
2744.61,2089.4
2669.24,2121.92
2693.07,2141.06
2556.39,2140.5
2532.41,2137.72
2357.69,2122.68
2482.52,2169.91
2381.05,2198.54
2492.68,2197.82
2507.98,2216
2555.2,2206.3
2523.45,2206.7
2511.48,2208.35
2380.43,2192.36
2341.84,2228.96
2345.38,2200.73
2446.06,2180.64
2467.69,2147.45
2419.63,2139.17
2479.85,2166.63
2562.11,2122.65
2576.11,2120.08
2579.46,2104.18
2546.04,2102.41
2480.33,2135.78
2473.83,2095.51
2548.94,2111.5
2529.14,2055.71
2467.99,2061.76
2495.09,2035.87
2532.15,2091.91
2572.55,2100.24
2607.07,2093.79
2622.31,2142.47
2612.83,2141.34
2590.24,2114.2
2538.19,2113.47
2455.67,2099.71
2483.23,2083.35
2516.69,2071.42
2546.83,2046.67
2491.58,2048.74
2480.76,2076.83
2415.4,2086.53
2335.83,2046.63
2404.82,2031.93
2460.51,2019.65
2506.82,2048.17
2479.35,2063.9
2566.05,2055.86
2583.03,2090.81
2604.73,2070.29
2620.24,2062.91
2667.85,2094.42
2614.92,2100.69
2657.43,2125.74
2604.04,2145.3
2598.62,2161.75
2637.46,2171.19
2699.44,2180.59
2638.42,2180.35
2650.67,2157.16
2738.63,2109.73
2737.15,2129.64
2684.41,2130.07
2606.96,2145.2
2639.98,2130.48
2697.97,2130.21
2686.15,2154.95
2695.25,2145.04
2727.49,2171.23
2621.65,2150.48
2625.15,2168.7
2678.75,2174.31
2657.22,2155.85
2686.2,2133.21
2639.61,2172.31
2587.99,2121.27
2572.5,2066.26
2523.14,2018.47
2521.28,1943.75
2460.08,1869.45
2441.51,1801.35
2527.34,1806.24
2515.51,1817.44
2620.34,1793.31
2626.2,1879.87
2626.93,1892.67
2655.76,1860.58
2649.56,1744.88
2649.21,1710.7
2596.38,1776.68
2646.85,1754.78
2612.26,1764.58
2579.27,1778.95
2539.31,1829.5
2541.01,1843.82
2555.33,1880.11
2523.14,1880.7
2603.73,1867.75
2577.97,1785.83
2599.45,1766.71
2618.64,1833.46
2625.2,1846.64
2589.98,1812.93
2613.74,1749.16
2605.15,1774.08
2648.72,1840.1
2648.36,1820.94
2669.86,1837.97
2674.22,1854.28
2676.56,1800.55
2702.5,1697.44
2710.76,1652.71
2724.7,1735.71
2710.67,1723.09
2728.08,1769.29
2769.71,1769.65
2788.33,1706.19
2786.7,1666.52
2784.17,1710.32
2786.64,1759.77
2818.31,1766.44
2805.28,1795.02
2816.55,1809.5
2811.94,1823.1
2813.84,1835.4
2848.27,1865.18
2859.68,1838.9
2905.66,1855.92
2901.99,1805.09
2904.08,1838.38
2915.86,1898.32
2927.23,1888.65
2903.88,1894.31
2931.39,1922.04
2931.83,1929.48
2915.83,1909.03
2959.85,1909.63
2951.78,1898.01
2948.57,1869.96
2933.17,1928.41
2956.98,1919.1
2963.75,1903.14
2966.16,1907.53
2986.76,1813.25
2966.89,1863.45
2988.97,1902.81
2976.19,1886.12
2950.48,1856.07
2910.32,1876.67
2935.69,1839.17
2970.42,1820.03
2988.34,1826.28
2983.66,1783.1
3039.88,1795.06
3040.73,1776.4
3056.37,1815.28
3055.26,1856.52
3078.32,1847.51
3074.15,1916.18
3075.32,1916.04
3063.32,1922.9
3067.92,1902.82
3122.57,1919.42
3120.35,1912.39
3104.96,1874.75
3095.36,1899.76
3091.57,1864.06
3119.7,1857.75
3113.57,1819.11
3068.09,1839.96
3080.5,1776.93
3047.08,1793.06
2991.22,1848.41
3016.46,1847.49
3055.55,1867.22
3011.33,1856.7
2988.4,1842.02
3042.82,1825.12
3031.45,1825.74
3007.56,1826.37
3000.45,1875.41
2970.45,1866.22
2961.6,1863.74
3029.63,1843.14
3050.61,1826.49
3069.2,1853.22
3046.36,1845.55
3050.44,1864.57
3059.85,1875.68
3024.3,1859.27
2956.34,1892.74
2957.76,1892.39
2946.27,1914.97
2934.71,1949.89
2933.64,1952.23
2933.82,1957.18
2902.58,1964.83
2893.76,1940.55
2874.04,1955.79
2813.69,1959.24
2778.79,1984.3
2847.21,1972.34
2839.08,1973.13
2850.12,1981.59
2839.38,2003.73
2837.53,2014.62
2870.99,1993.71
2837.36,2005.74
2827.34,2002.64
2747.48,2025.32
2760.01,1997.45
2778.11,2023.47
2844.72,2024.9
2831.02,2024.24
2858.42,2028.65
2809.73,2007.8
2843.07,2019.89
2818.61,1991.16
2836.33,2003.69
2872.8,2030.25
2895.33,2034.63
2929.76,2016.06
2930.45,2000.36
2859.09,1982.15
2892.42,2000.76
2836.16,2018.3
2854.06,2002.5
2875.32,2025.04
2849.49,2045.08
2935.05,2043.76
2951.23,2034.44
2976.08,2047
2976.12,2042.15
2937.33,2027.23
2931.77,2026.12
2902.33,2026.83
2887.98,2019.19
2866.19,2039.76
2908.47,2031.74
2896.94,2014.41
2910.04,2014.04
2942.6,2029.29
2965.9,2049.28
2925.3,2018.61
2890.15,2028.77
2862.99,2029.03
2854.24,1997.08
2893.25,1994.41
2958.09,1986.63
2945.84,2008.91
2939.52,1992.63
2920.21,1985.3
2909.77,2004.53
2967.9,1999.86
2989.91,1974.65
3015.86,1972.63
3011.25,1963.42
3018.64,1961.98
3020.86,1964.04
3022.52,1975.35
3016.98,1981.99
3030.93,1999.07
3062.39,1995.11
3076.59,1989.15
3076.21,1956.44
3067.26,1967.01
3073.67,1950.29
3053.4,1944.93
3069.79,1917.13
3073.19,1913.73
3077.14,1898.96
3081.19,1840.53
3048.71,1845.24
3066.96,1782.46
3075.06,1799.13
3069.27,1828.69
3135.81,1808.62
3136.42,1814.47
3104.02,1824.17
3104.53,1849.91
3114.31,1844.86
3155.83,1843.47
3183.95,1834.51
3178.67,1783.13
3177.8,1801.85
3182.62,1847.95
3175.96,1835.64
3179.96,1867.04
3160.78,1854.74
3117.73,1859.32
3093.7,1871.48
3136.6,1858.16
3116.23,1891.71
3113.53,1891.77
3120.04,1904.12
3135.23,1889.15
3149.46,1847.39
3136.19,1825.38
3112.35,1817.81
3065.02,1817.65
3051.78,1819.18
3049.41,1854.01
3044.11,1851.65
3064.18,1867.82
3101.17,1874.45
3104.12,1875.49
3072.87,1858.2
3005.62,1836.13
3016.96,1829.45
2990.46,1826.39
2981.7,1785.39
2986.12,1812.89
2987.95,1817.79
2977.23,1821.96
3020.06,1794.91
2982.13,1822.96
2999.66,1822.93
3011.93,1789.44
2937.29,1793.93
2895.58,1769.31
2904.87,1782.47
2904.26,1829.16
2883.89,1843.79
2846.81,1881.99
2836.94,1879.93
2853.13,1869.4
2916.07,1848.68
2916.68,1885.88
2926.55,1886.8
2966.85,1903.23
2976.78,1940.59
2967.79,1946.4
2991.78,1932.44
3012.03,1956.96
3010.24,1957.91
3002.2,1946.54
2996.69,1946.31
2973.7,1943.22
2989.27,1935.19
2978.04,1942.54
2986.96,1919.81
3022.3,1917.87
3013.81,1916.33
2992.16,1928.54
2971.33,1906.38
3010.6,1905.12
3054.53,1912.71
3044.36,1907.13
3050.39,1874.03
3021.01,1881.24
3012.6,1929.58
2990.16,1924.7
2985.91,1920
2960.31,1950.03
3019.51,1950.69
3112.26,2007.58
3100.57,2002.35
3101.66,2004.96
3098.81,2007.88
3091.81,1990.33
3105.81,2002.37
3121.76,2003.44
3125.63,1991.41
3117.5,1980.44
3110.78,1988.7
3117.54,1996.21
3136,1996.03
3134.71,1992.68
3143.18,1995.17
3153.67,1981.89
3130.38,1979.04
3149.71,1948.22
3154.3,1933.09
3153.66,1933.26
3142.31,1925.59
3142.13,1941.54
3179.1,1955.15
3131.17,1959.12
3171.58,1943.84
3168.48,1941.59
3165.13,1926.81
3193.87,1913.96
3192,1924.5
3186.49,1891.43
3196.88,1891.52
3198.66,1899.58
3192.03,1912.06
3213.6,1898.44
3164.41,1918.72
3131.49,1908.22
3161.82,1928.17
3116.25,1937.55
3129.65,1914.41
3162.26,1904.41
3160.19,1900.87
3169.74,1889.7
3182.03,1894.04
3224.13,1870.72
3222.37,1860.83
3232.09,1878.1
3244.37,1890.18
3252.87,1884.04
3242.32,1899.5
3245.12,1911.33
3258.93,1908.51
3249.07,1925.2
3237.59,1912.78
3229.1,1934.85
3254.19,1932.9
3222.6,1940.02
3245,1935.18
3235.3,1947.04
3252.48,1949.62
3256.52,1957.45
3267.52,1957.42
3239.17,1964.62
3254.86,1975.44
3218.6,2002.77
3224.98,1995.04
3203.86,1983.07
3222.25,1993.09
3237.86,1999.5
3297.25,1980.42
3300.16,1981.82
3294.95,1982.25
3216.49,1987.35
3264.63,1997.05
3204.67,2031.1
3166.36,2019.41
3206.06,2011.94
3233.55,2011.25
3269.33,1997.94
3269.65,1991.81
3289.99,2006.8
3279.26,1996.67
3307.02,2007.04
3328.79,1983.74
3299.13,1977.45
3340.62,1974.27
3378.63,1987.85
3392.97,1986.86
3396.63,1996.52
3413.27,1980.41
3409.17,1964.48
3436.58,1946.69
3438.79,1939.71
3462.61,1955.96
3471.62,1964.43
3465.24,1961.94
3498.97,1957.79
3496.43,1953.21
3502.12,1938.18
3463.3,1936.19
3459.42,1931.77
3459.14,1950.9
3488.89,1945.79
3467.52,1976.07
3491.3,1979.61
3455.91,1981.18
3465.37,1981.91
3445.26,1985.83
3401.48,2024.64
3424.05,2015.22
3469.22,2018.89
3473.77,2009.52
3436.95,2000.01
3400.43,2004.04
3445.37,2026.49
3423.56,2013.15
3452.13,2016.61
3482.18,2020.74
3443.2,2004.4
3364.64,2006.01
3357.25,2003.35
3320.76,1993.34
3347.89,1999.73
3376.22,2002.13
3401.86,1986.5
3403.25,1968.18
3434.49,1978.56
3433.4,1959.41
3443.67,1950.82
3479.38,1948.71
3484.83,1977.67
3504.26,1983.7
3520.76,1993.44
3578.3,1993.52
3600.08,2004.89
3607.49,1995.99
3598.5,1986.15
3610,1983.22
3611.28,1959.45
3587.61,1927.23
3600.39,1918.69
3579.27,1920.74
3579.6,1935.58
3605.19,1949.8
3613.16,1924.23
3599.14,1920.45
3616.47,1922.21
3626.37,1923.84
3675.74,1900.06
3689.59,1906.75
3692.95,1926.31
3665.77,1918.63
3654.01,1935.31
3669.12,1951.6
3660.11,1944.56
3669.95,1940.7
3684.44,1963.95
3669.27,1957.21
3606.12,1965.71
3602.78,1961.48
3589.09,1954.35
3613.59,1956.45
3599.79,1979.45
3638.71,1944.75
3657.79,1948.7
3657.57,1968.83
3578.52,1971.26
3593.35,1986.81
3620.3,1982.43
3589.87,1981.09
3612.61,1993.83
3649.04,1969.19
3658.78,1973.45
3660.01,1979.97
3706.18,1986.22
3729.02,2001.2
3725.01,2000.1
3715.97,2001.05
3722.18,1989.57
3717.85,1989.51
3745.7,1959.19
3783.64,1923.85
3789.38,1932.7
3774.73,1920.68
3765.29,1909.91
3768.25,1882.73
3761.1,1889.24
3787.43,1883.1
3781.59,1900.62
3771.48,1888.31
3817.98,1850.49
3815.02,1822.83
3774.34,1799.01
3807.75,1780.63
3770.38,1783.45
3694.83,1834.7
3677.78,1863.32
3760.75,1855.73
3791.87,1855.02
3815.27,1824.66
3794.01,1839.14
3839.43,1833.31
3863.15,1816.85
3914.28,1830.35
3920.05,1824.16
3929.57,1877.6
3907.07,1869.98
3928.96,1875.16
3943.36,1866.36
3940.13,1887.49
3952.34,1875.48
3930.62,1871.41
3919.71,1880.35
3922.04,1904.15
3936.59,1912.08
3939.86,1909.61
3931.95,1910.81
3857.33,1899.89
3919.23,1917.05
3919.79,1914.03
3919.92,1920.74
3965.58,1923.38
3972.74,1916.22
3985.97,1906.62
3949.07,1878.33
3931.55,1883.97
3921.27,1880.71
3969.15,1884.83
3991.65,1913.03
3994.57,1923.91
4017.75,1920.11
4044.75,1917.64
4059.89,1887.85
4045.26,1867.46
4037.2,1849.12
4038,1870.16
4033.16,1887.86
4062.52,1885.84
4068.75,1884.52
4060.49,1907.54
4003.81,1926.36
3998.4,1924.81
4000.98,1933.74
4029.52,1933.03
4023.68,1951.65
4070.06,1955.31
4058.13,1974.67
4104.74,1994.06
4148.9,2003.85
4155.42,2004.06
4167.18,1994.32
4156.59,2013.37
4154.2,2005.58
4176.59,2009.41
4143.07,2007.1
4131.91,1998.06
4113.68,2007.32
4153.18,2011.8
4165.61,1996.96
4156.19,1998.87
4174.66,1999.47
4113.3,1996.98
4183.02,1994.42
4214.88,2002.76
4218.69,2001.4
4197.58,2024.9
4225.76,2020.27
4243,2040.96
4218.87,2034.61
4128.17,2040.61
4083.61,2052.4
4097.96,2053.01
4051.43,2056.12
4123.13,2035.75
4103.88,2046.69
3996.96,2034.39
4031.52,2048.14
4011.55,2051.76
4057.12,2059.58
4125.86,2030.09
4148.17,2039.42
4191.04,2025.17
4201.29,2013.93
4240.67,2013.67
4244.03,2004.04
4272.78,1984.87
4237.95,1977.3
4267.55,1995.48
4263.41,1963.56
4292.97,1967.56
4287.59,2005.64
4292.06,2010.81
4318.93,2031.64
4308.12,2017.24
4277.3,1993.78
4351.97,2006.23
4357.97,2015.98
4352.13,2022.64
4336.22,2028.81
4334.45,2045.77
4307.19,2044.87
4323.33,2030.78
4260.42,2009.36
4245.4,1986.8
4279.95,1984.77
4333.31,1980.41
4307.6,2000.38
4319.29,1993.45
4276.79,1977.97
4226.38,1967.93
4234.27,1962.91
4173.58,1961.15
4151.23,1965.74
4155.76,1974.63
4198.99,1975.65
4268.04,1983.35
4276.46,1996.89
4237.74,2001.59
4127.73,1999.3
4079.75,2002.28
4112.99,2011.34
4183.9,1967.19
4054.11,1946.14
3999.73,1953.28
4022.69,1959.44
4034.16,1958.96
4086.23,1946.11
4095.52,1938.54
4121.55,1948.92
4161.46,1946.07
4126.97,1953.28
4148.34,1957.32
4075.56,1944.48
4074.4,1953.78
4103.54,1963.89
4114.56,1970.42
4127.45,1947.59
4123.9,1940.56
4138.06,1910.34
4080.76,1916.93
4067.67,1941.15
4051.5,1919.96
4071.87,1886.85
4143.86,1891.32
4130.17,1907.89
4100.63,1922.5
4069.29,1923.3
4090.59,1932.06
4125.81,1935.84
4096.89,1926.96
4131.54,1940.28
4154.34,1946.36
4185.81,1946.91
4237.07,1930.57
4225.07,1957.83
4247.95,1949.05
4242.62,1964.86
4237.2,1970.77
4234.08,1978.43
4251.64,1979.99
4296.23,1964.69
4321.4,1954.11
4336.24,1971.24
4338,1975.62
4331.93,1974.68
4297.63,1954.42
4310.65,1963.87
4321.11,1932.54
4337.23,1934.38
4362.84,1919.9
4359.33,1927.53
4368.04,1940.21
4368.68,1937.68
4350.36,1919.52
4379.76,1934.94
4379.05,1945.55
4397.93,1941.25
4408.18,1964.31
4458.65,1977.97
4457.73,1981
4485.93,1985.61
4451.53,1991.98
4391.46,1997.25
4419.03,1993.7
4396.2,1988.09
4415.49,1989.7
4440.42,1993.03
4416.39,1998.95
4425.97,2008.61
4363.45,1997.44
4432.15,1997.02
4424.7,1992.27
4456.02,1992.21
4473.7,1992.05
4472.11,2004.28
4449.56,1999.22
4444.91,2004.22
4442.7,2000.37
4462.9,1998.34
4369.77,1971.66
4352.64,1969.26
4383.89,1964.77
4352.84,1961.79
4355.05,1959.44
4334.97,1939.88
4370.9,1950.6
4401.33,1956.55
4389.25,1964.94
4434.13,1982.93
4453,2010.83
4464.93,2010.2
4508.31,2013.44
4527.51,2015.14
4526.48,2011.26
4532.1,2008.33
4538.55,2015.59
4557.35,2017.17
4570.64,2010.35
4569.62,1997.63
4557.69,2017.06
4580.27,2012.26
4598.19,1994.96
4572.56,2002
4562.29,2008.56
4582.9,1995.48
4592.29,1990.04
4552.29,2011.8
4586.52,2014.67
4591.81,2011.65
4567.6,1990.85
4518.9,1993.59
4552.76,2001.55
4562.19,1989.49
4593.43,1992.03
4579.79,1968.07
4527.69,1974.92
4508.69,1994.35
4555.22,1981.77
4466.75,1995.05
4512.19,1988.51
4505.85,2002.21
4493.39,1999
4422.09,2015.28
4430.19,2010.97
4475.62,2009.66
4454.8,2005.12
4385.2,2006.66
4468.59,2000.5
4378.34,2002.84
4276.24,1988.74
4213.66,1993.88
4227.17,2012.72
4215.32,2013.48
4217.39,2020.9
4258.44,2019.42
4316.07,2018.5
4419.48,2028.93
4382.85,2028.32
4452.79,2026.62
4483.72,2033.85
4485.93,2048.81
4564.29,2061.97
4549.23,2082.61
4566.14,2076.12
4630.74,2073.1
4638.91,2080.42
4623.64,2066.26
4620.72,2060.73
4638.47,2054.51
4632.53,2031.1
4651.62,2039.37
4660.56,2041.47
4675.13,2062.36
4680.14,2063.22
4688.54,2053.13
4671,2071.14
4702.44,2072.78
4675.71,2044.21
4701.87,2056.7
4712.97,2060.89
4754.89,2068.05
4758.25,2074.93
4787.32,2075.76
4791.63,2068.54
4727.35,2067.86
4755.81,2051.58
4774.47,2051.2
4769.44,2056.26
4780.76,2049.41
4740.69,2034.16
4766.47,2041.86
4684.03,2035.82
4708.16,2042.92
4653.6,2062.61
4605.16,2047.74
4547.83,2053.82
4644.31,2039.27
4748.4,2028.91
4765.38,2035.64
4781.42,2034.11
4765.42,2031.64
4773.47,2026.6
4806.86,2020.09
4806.91,1991.54
4777.44,1976.16
4736.05,1968.39
4726.81,1972.91
4652.57,1965.25
4592.74,1940.92
4650.47,1927.21
4736.19,1929.25
4704.07,1925.91
4664.71,1918.83
4661.5,1900.66
4639.32,1930.06
4570.82,1915.28
4634.38,1936.97
4654.85,1931.65
4667.42,1925.69
4750.4,1931.97
4757.88,1925.68
4771.76,1961.17
4681.5,1958.93
4637.99,1964.43
4683.41,1952.97
4635.24,1935.19
4676.69,1931.43
4727.74,1936.48
4716.7,1939.87
4765.1,1958.23
4744.4,1963
4726.01,1967.27
4787.64,1960.51
4801.18,1945.14
4857.61,1943.63
4893.84,1967.01
4899.27,1966.87
4906.36,1958.04
4924.7,1964.84
4955.97,1978.54
4960.97,1980.21
4968.12,1980.84
4967.14,1982.09
4987.89,1980.78
4963.53,1965.22
5008.1,1965.83
4979.9,1969.91
4967.14,1986.61
4982.81,1986.62
4927.37,1978.95
4942.44,1970.95
4859.79,1945.56
4849.94,1916.59
4893.29,1921.71
4871.76,1920.36
4929.51,1904.13
4937.43,1900.16
4982.83,1897.5
4992.38,1929.98
5026.42,1943.12
5010.97,1939.02
4994.73,1946.61
4876.52,1948.16
4863.36,1927.86
4891.22,1915.59
4947.44,1926.44
4900.88,1915.75
4880.23,1882.45
4886.94,1904.65
4917.32,1924.7
4910.23,1920.95
4950.82,1917.14
4974.56,1913.66
4995.98,1914.14
4988.25,1888.13
4977.29,1902.62
5011.02,1918.31
5007.79,1921.23
4931.81,1920.82
4994.6,1936.09
5014.1,1935.68
5035.17,1952.4
5056.06,1961.58
5092.08,1951.02
5060.25,1949.26
5055.42,1952.68
5023.64,1951.96
4941.42,1962.79
5005.39,1952.84
5016.93,1955.52
4939.33,1947
4919.64,1935.86
4945.54,1945.7
5003.55,1941.63
4993.57,1957.5
4976.19,1958.23
4981.69,1961.45
5050.8,1968.39
5048.29,1976.12
5078.44,1990.47
5070.03,1993.08
5071.74,1985.8
5090.79,1996.81
5089.36,2001.38
5032.75,1998.29
5106.59,1998.38
5097.98,2012.94
5070.03,1992.82
5082.93,1984.77
5076.52,1980.83
5099.23,1970.59
5059.12,1985.79
5068.46,1987.33
5021.63,2029.91
5013.87,2028.45
5076.69,2037.89
5082.51,2037.24
5051.1,2036.59
5029.97,2041.37
5055.55,2042.81
5064.88,2022.56
5132.95,2019.8
5117,2030.04
5153.97,2041.03
5160.09,2028.45
5122.41,2029.07
5112.19,2045.42
5080.51,2046.43
4958.47,2047.03
4986.87,2059.26
5013.12,2058.87
5009.21,2087.76
4991.94,2098.92
4997.46,2111.72
4909.76,2119.96
4922.4,2139.9
4997.7,2143.5
5071.51,2146.71
5104.89,2144.79
5098.94,2143.89
5163.18,2173.41
5210.14,2159.8
5218.86,2157.54
5208.12,2147.67
5171.77,2142.63
5146.41,2127.17
5088.63,2132.23
5039.78,2104.58
5089.21,2091
5111.73,2085.52
5128.78,2097.38
5128.28,2096.77
5115.38,2114.16
5105.55,2120.33
5139.94,2106.5
5056.44,2113.72
5043.54,2120.85
5101.8,2139.54
5036.79,2122.81
5044.39,2146.1
5033.56,2143.5
5048.24,2107.5
5091.7,2110.89
5059.35,2114.8
5019.05,2102.37
4877.49,2078.64
4706.04,2063.16
4526.25,2072.86
4506.49,2068.1
4697.54,2065.19
4812.71,2064.03
4828.32,2051.32
4776.51,2056.61
4636.1,2052.17
4749.98,2042.32
4733.5,2028.72
4683.92,2034.86
4811.93,2041.88
4756.53,2046.96
4796.25,2055.16
4822.34,2081.2
4805.76,2085.53
4860.52,2085.06
4889.24,2090.26
4893.95,2060.49
4827.23,2074.2
4828.95,2097.89
4756.72,2107.33
4752.74,2104.41
4734.48,2053.93
4686.5,2040.29
4543.97,2016.21
4517.32,2027.81
4620.16,2031.17
4627.08,2061.52
4707.78,2059.23
4781.26,2072.91
4748.36,2087.89
4791.15,2076.79
4810.79,2073.31
4830.47,2083.62
4838.64,2064.73
4796.61,2065.07
4782.85,2045.96
4870.1,2038.81
4886.69,2039.1
4905.47,2037.62
4880.97,2019.03
4840.12,2030.16
4920.05,2008.49
5031.86,2027.99
5034.7,2029.76
5030.15,2013.29
5095.69,2010.23
5074.27,2003.17
5053.75,1986.65
5127.15,1975.47
5145.13,1983.46
5142.48,1968.52
5127.74,1956.26
5147.12,1939.38
5095.3,1914.55
5083.24,1876.07
5067.02,1829.81
5005.08,1846.63
4927.88,1894.09
4984.62,1908
4986.02,1937.67
5075.2,1941.49
5073.64,1914.23
5104.92,1915.22
5102.48,1915.53
5102.81,1886.04
5116.14,1883.22
5127.52,1878.68
5108.67,1934.2
5156.31,1962.11
5123.22,1941.37
5037.53,1931.46
5142.27,1937.56
5101.81,1975.45
5098.24,1976.49
5022.87,1995.95
5045.17,1964.68
4933.47,1982.06
4952.23,1944.64
4995.36,1947.1
5071.13,1942.85
5002.55,1962.81
4923.08,1979.32
4968.92,1969.68
5001.11,1978.25
5045.93,1990.65
5048.49,2005.84
5040.99,2019.53
5107.94,2021.63
5065.85,2019.05
5007.41,2009.55
4903.09,2033.27
4891.43,2030.26
4835.76,2030.27
4689.43,2039.36
4643.63,2042.98
4637.99,2023
4685.92,2040.4
4526.06,2048.08
4615,2044.65
4488.42,2042.51
4476.95,2034.16
4471.69,2029.47
4472.06,2035.24
4591.18,2048.4
4518.49,2052.77
4567.67,2049.41
4468.17,2041.07
4506.68,2025.7
4613.95,1996.59
4620.37,1997.27
4516.95,1993.36
4504.24,1973.29
4509.56,1943.02
4363.14,1963.58
4283.75,1962.88
4268.76,1988.91
4283.59,1989.86
4266.84,2003.7
4337.51,2016.29
4435.96,2009.42
4534.06,2030.68
4487.54,2028.99
4504.43,1991.97
4570.61,2023.93
4503.58,2009.29
4542.61,1994.07
4582.2,1974.4
4590.47,1963.67
4557.95,1949.04
4689.6,1948.24
4703.42,1952.07
4707.42,1948.62
4717.02,1927.82
4708.25,1932.97
4648.82,1969.4
4674.38,1977.96
4662.16,1975.32
4748.47,1981.19
4750.28,1992.56
4728.67,1999.22
4763.97,1990.65
4774.99,1964.06
4795.65,1966.31
4808.87,1961.31
4821.66,1918.76
4768.86,1930.53
4773.5,1925.43
4766.79,1904.33
4846.62,1917.62
4869.29,1894.84
4869.85,1890.86
4914.54,1916.28
4891.8,1900.01
4843.93,1878.87
4920.72,1878.45
4848.37,1889.64
4850.69,1845.45
4833.4,1840.53
4872.09,1893.43
4947.42,1871.69
4945.89,1897.87
4938.22,1906.94
4960.02,1912.06
4940.33,1924.82
4948.13,1890.67
4945.89,1916.26
4906.23,1917.79
4895.79,1861.54
4888.28,1835.28
4863.14,1862.2
4805.29,1888.3
4775.36,1883.94
4817.59,1908.84
4763.22,1916.24
4725.64,1914.22
4717.09,1912.53
4736.16,1918.57
4750.21,1920.16
4809.88,1916.66
4760.69,1947.42
4737.33,1958.17
4717.68,1955.63
4775.46,1957.87
4715.73,1946.12
4739.12,1952.95
4712.53,1969.33
4769.56,1971.41
4765.78,1972.27
4861.06,1969.97
4894.89,1974.9
4901.77,1987.99
4933.5,1992.12
4948.05,1989.76
4952.25,1996.81
4971.36,1995.12
4942.52,1985.97
4968.71,1983.81
4961.75,1982.54
4974.64,1994.91
4958.62,2002.14
4894.55,1995.85
4848.44,1973.57
4843.55,1978.97
4834.93,1962.74
4844.92,1971.32
4800.34,1973.89
4837.21,1972.05
4843.76,1970.37
4833.32,1981.32
4910.04,2015.93
4707.98,2014.71
4594.44,2009.1
4691.87,2011.36
4779.25,2005.83
4842.67,2022.1
4862.57,2015.49
4822.9,2014.55
4859.16,2019.63
4876.81,2015.4
4956.76,2000.93
4988.64,1994.15
5022.82,1978.15
5005.73,1986.41
5034.06,1976.71
5029.59,1967.81
5055.78,1982.5
5036.37,1980.1
5089.93,1977.49
5073.9,1966.99
5100.16,1967.91
5097.63,1968.06
5110.05,1956.73
5139.81,1946.78
5154.98,1947.67
5162.13,1955.25
5184.2,1937.68
5137.73,1960.51
5159.74,1957.06
5166.25,1969.17
5221.12,1967.13
5213.14,1983.4
5225.48,1982.72
5204.58,1985.11
5228.4,1985.84
5232.89,2011.63
5262.02,2027.08
5227.11,2024.17
5228.66,2017.63
5240.15,1979.06
5238.38,1972.03
5244.6,1968.83
5260.08,1951.99
5217.69,1953.4
5212.2,1981.12
5218.92,1982.7
5232.33,1992.58
5222.99,1986.71
5213.22,1925.24
5227.21,1926.85
5249.9,1936.22
5275.91,1956.36
5283.93,1970.35
5259.48,1987.32
5125.91,1995.3
5211.89,1989.85
5155.25,1953.12
5173.77,1974.08
5249.69,1963.1
5244.57,1988.54
5235.03,1991.23
5241.35,2005.55
5295.18,2008.77
5339.52,2017.26
5305.75,2021.11
5257.49,2016.89
5305.71,2015.46
5318.55,2012.22
5269.15,2010.34
5312,2012.32
5300.87,2027.34
5289.66,2025.05
5316.02,2021.1
5306.85,2016.19
5292.4,2029.61
5328.67,2019.03
5246.79,1994.79
5239.02,2000.03
5213.33,2017.94
5214.16,2031.12
5199.82,2043.78
5243.84,2044.64
5246.41,2048.8
5241.83,2050.47
5257.4,2047.76
5309.83,2043.75
5283.4,2055.47
5250.27,2056.24
5215.97,2042.16
5190.1,2049.93
5189.13,2043.76
5153.58,2042.92
5105.57,2037.5
5058.41,2032.35
5046.37,2039.74
5166.17,2034.65
5193.49,2032.72
5251.07,2038.31
5208.8,2060.08
5237.11,2066.53
5218.4,2061.88
5275.62,2063.73
5294.58,2037.87
5333.97,1991.48
5321.51,1999.36
5368.86,2015.78
5386.35,2025.71
5380.68,2035.99
5398.92,2049.7
5368.81,2054.07
5379.92,2047.11
5323.68,2062.82
5251.11,2053.06
5255.65,2068.72
5308.89,2043.63
5333,2054.86
5393.76,2053
5417.36,2065.3
5444.5,2053.8
5412.54,2056.82
5463.83,2031.93
5436.67,2033.73
5456.85,2015.44
5437.16,2022.66
5457.44,2027.61
5483.94,2040.43
5471.43,2040.94
5447.42,2040.6
5462.69,2033
5487.44,2047.74
5438.56,2037.17
5432.09,2013.89
5383.12,2024.12
5429.08,2019.42
5477,2008.19
5487.94,2007.39
5521.06,1978.94
5531.82,1983.8
5551.82,1982.02
5563.65,1997.58
5547.49,2003.38
5574.12,1958.38
5538.73,2002.6
5555.65,1984.43
5540.08,1974.4
5555.33,1967.53
5552.94,1979.65
5600.96,1980.55
5656.34,1974.58
5655.18,1966.05
5660.78,1983.47
5613.71,1987.95
5614.79,1971.26
5642.65,1974.46
5636.2,1978.13
5666.77,1978.39
5663.55,1983.48
5674.22,1983.75
5682.45,1970.61
5715.18,1963.36
5734.13,1989.86
5763.96,1991.89
5782.57,2031.07
5819.44,2024.69
5814.9,2027.24
5838.58,2035.98
5865.95,2036.87
5860.63,2036.65
5835.51,2042.24
5845.31,2038.39
5861.9,2041.94
5825.44,2037.96
5904.03,2035.73
5861.22,2035.9
5870.75,2037.75
5849.17,2042.17
5833.93,2024.49
5837.55,2026.46
5838.81,2026.16
5861.73,2043.97
5875.78,2045.64
5856.82,2041.95
5900.05,2049.12
5900.76,2048.78
5901,2045.12
5901.53,2075.17
5793.83,2087.14
5821.64,2076.79
5817.69,2064.17
5828.74,2071.87
5840.37,2070.54
5875.14,2072.79
5897.55,2065.61
5914.34,2065.99
5911.74,2065.76
5894.68,2066.94
5898.61,2083.59
5864.48,2067.57
5878.95,2080.48
5877.81,2071.01
5880.93,2073.16
5866.77,2077.66
5836.16,2075.21
5805.15,2065.08
5856.79,2065.88
5849.47,2075.08
5863.03,2078.65
5916.78,2074.57
5910.52,2083.86
5983.82,2081.84
6025.49,2080.58
6025.23,2084.39
6048.94,2102.93
6047.61,2106.61
6091.6,2107.63
6095.37,2094.12
6072.55,2085.52
6075.34,2091.64
6100.76,2102.65
6102.66,2078.75
6120.59,2081.36
6129.14,2094.05
6115.96,2095.41
6121.23,2091.06
6149.67,2097.35
6169.87,2117.59
6011.24,2133.78
6055.13,2133
6083.7,2150.08
6133.62,2164.58
6138.71,2157.01
6163.02,2178.38
6205.26,2168.3
6210.19,2172.72
6203.19,2168.95
6198.52,2155.66
6246.83,2163.31
6305.8,2166.98
6295.68,2164.64
6275.06,2160.23
6297.38,2167.51
6321.76,2161.1
6207.92,2160.85
6175.46,2152.75
6220.37,2151.73
6194.89,2133.32
6165.5,2123.85
6151.76,2128.91
6239.01,2148.61
6188.03,2134.88
6233.95,2145.76
6236.69,2148.46
6265.25,2138.4
6247.15,2149.15
6146.62,2165.04
6234.41,2173.74
6144.35,2196.85
6140.42,2207.84
6110.06,2209.46
6150.86,2205.44
6089.46,2219.67
6153.08,2241.24
6176.39,2292.76
6193.3,2270.12
6261.17,2296.37
6274.44,2286.02
6312.47,2290.65
6314.43,2295.33
6344.31,2293.08
6385.04,2286.82
6390,2288.48
6387.75,2304.03
6410.81,2311.74
6412.17,2317.34
6422.75,2342.93
6382.19,2355.3
6374.68,2352.97
6348.12,2343.68
6362.94,2347.38
6362.65,2344.61
6340.34,2371.72
6351.56,2368.62
6383.77,2360.14
6370.46,2363.57
6352.33,2381.69
6216.87,2357.87
6256.56,2374.7
6340.23,2372.64
6333.01,2361.65
6345.11,2370.9
6221.91,2369.23
6216.53,2357.53
6213.13,2370.37
6297.48,2378.6
6278.41,2388.66
6271.33,2391.95
6265.64,2382.56
6283.02,2395.66
6301.89,2391.79
6368.31,2394.48
6428.66,2380.52
6435.33,2388.35
6375.57,2387.81
6393.31,2379.87
6397.87,2382.1
6360.19,2396
6432.26,2391.77
6454.28,2409.49
6460.19,2414.63
6429.08,2425.1
6448.47,2426.04
6454.64,2429.94
6461.32,2441.84
6456.04,2450.06
6422.69,2451.53
6426.92,2439.9
6370.59,2434.51
6380.16,2443.24
6453.26,2400.99
6453.45,2402.71
6495.96,2422.96
6516.72,2427.63
6531.71,2386.85
6534.63,2395.45
6585.36,2398.75
6590.18,2394.73
6579.73,2368.39
6587.25,2359.47
6603.55,2319.71
6591.51,2334.22
6605.8,2348.26
6624,2361.67
6623.66,2358.37
6624.22,2355
6605.07,2365.33
6629.05,2366.4
6586.83,2375.84
6598.43,2378.51
6563.89,2370.3
6556.77,2364.74
6701.26,2372.29
6698.96,2363.19
6727.67,2357.69
6716.53,2329.65
6714.94,2326.62
6764.44,2319.82
6786.44,2346.19
6767.78,2343.72
6789.12,2359.08
6750.05,2365.47
6750.94,2377.66
6757.6,2386.07
6737.87,2418.21
6706.21,2416.05
6793.29,2412.2
6782.79,2406.5
6790.71,2388.71
6862.48,2380.4
6867.36,2374.32
6889.16,2372.57
6878.52,2373.14
6912.36,2394.47
6824.39,2433.81
6873.97,2458.16
6847.59,2474.76
6775.37,2473.62
6762.21,2480.05
6776.38,2484.37
6812.84,2482.91
6840.08,2473.06
6875.08,2489.54
6862.32,2490.05
6875.8,2490.49
6856.53,2492.5
6936.58,2480.63
6994.76,2496.63
6963.85,2501.93
6960.96,2523.43
6965.36,2556.47
6959.96,2546.36
6936.25,2557.97
6939.34,2549.41
6950.16,2545.44
6903.39,2552.4
7006.9,2550.57
7065.53,2542.95
7077.92,2530.35
7136.56,2526.64
7157.39,2518.25
7163.58,2534.79
7153.57,2533.99
7211.78,2527.67
7261.06,2530.7
7223.69,2540.51
7298.28,2537.15
7296.05,2544.33
7336.38,2507.81
7408.03,2514.19
7460.29,2512.9
7415.06,2476.37
7411.16,2475.41
7505.77,2501.67
7466.51,2510.12
7402.48,2474.37
7411.48,2461.98
7385.86,2464
7240.95,2471.49
6967.53,2461
7115.88,2469.48
7051.98,2482.07
6777.16,2481.88
6874.49,2478.53
6981.96,2472.37
7013.51,2429.83
7143.62,2440.54
7256.43,2427.34
7239.47,2436.67
7234.31,2467.49
7218.23,2479.65
7210.09,2486.35
7337.39,2466.46
7421.46,2497.52
7330.35,2513.28
7273.01,2510.23
7180.56,2499.75
7257.87,2487.91
7330.71,2496.42
7372.01,2503.73
7396.65,2521.74
7427.95,2515.43
7560.81,2515.81
7588.33,2520.26
7511.01,2502.11
7496.81,2536.6
7481.74,2538
7481.99,2562.23
7344.24,2574.76
7364.3,2598.19
7345.29,2567.74
7166.68,2566.46
6992.67,2568.54
7220.54,2525.39
7008.81,2491.75
6949.23,2453.31
7063.45,2396.56
6870.12,2407.62
6941.28,2363.77
7042.11,2385.38
7076.55,2395.19
6915.11,2421.83
6950.34,2442.82
7094.3,2415.12
7069.03,2429.65
7140.25,2414.28
7106.65,2451.52
7156.29,2457.65
7281.1,2456.14
7295.24,2427.36
7238.06,2402.16
7146.13,2375.06
7128.6,2411.41
7007.35,2433.08
7003.74,2459.45
7118.68,2484.12
7119.8,2494.49
7066.27,2486.08
7130.7,2492.38
7100.9,2493.97
7088.15,2475.03
7209.62,2485.52
7265.21,2484.97
7266.9,2496.02
7339.91,2416.76
7404.98,2437.08
7402.88,2452.06
7411.32,2419.29
7351.63,2436.37
7398.3,2445.85
7382.47,2444.16
7354.34,2442.43
7394.04,2408.06
7378.46,2437.52
7425.96,2429.58
7424.43,2444.08
7433.85,2450.74
7396.59,2444.22
7462.45,2442.71
7442.12,2455.07
7554.33,2457.49
7606.46,2453.77
7637.86,2479.98
7689.24,2486.1
7635.07,2476.33
7645.51,2474.11
7659.93,2464.14
7703.79,2448.81
7695.7,2475.64
7761.04,2492.4
7746.38,2515.38
7747.03,2505.61
7725.59,2487.25
7781.52,2461.38
7712.95,2449.81
7692.82,2443.98
7532.01,2464.16
7561.63,2477.71
7445.09,2476.11
7503.68,2458.54
7510.3,2459.82
7567.69,2448.45
7502.67,2460.65
7586.43,2465.57
7688.39,2471.91
7756.2,2466.01
7759.2,2460.8
7716.61,2478.96
7823.92,2457.25
7825.98,2409.03
7805.72,2423.01
7855.12,2438.96
7854.44,2447.76
7825.3,2453.76
7820.2,2451.58
7841.87,2470.15
7840.77,2468.83
7932.24,2404.04
7852.19,2376.24
7737.42,2340.11
7630,2363.91
7671.79,2337.83
7707.29,2357.22
7802.69,2357.88
7812.02,2350.92
7859.68,2342.03
7883.66,2314.24
7888.33,2326.13
7891.78,2271.54
7839.11,2272.76
7819.71,2265.46
7870.89,2257.55
7774.12,2272.87
7806.52,2285.8
7816.33,2294.16
7821.01,2280.62
7859.17,2285.06
7889.1,2310.9
7878.46,2301.99
7945.98,2297.92
8017.9,2290.11
8030.04,2282.29
8109.69,2289.19
8088.36,2269.31
8109.54,2280.2
8091.25,2273.03
7995.17,2289.06
7922.73,2294.99
7902.54,2293.51
7924.16,2295.26
7972.47,2307.07
7954.23,2270.2
8013.71,2287.68
8010.04,2286.5
7895.79,2301.45
7956.11,2303.71
7950.04,2282.79
8028.23,2248.45
7986.96,2258.91
7993.25,2240.8
8007.47,2247.05
7990.37,2247.88
8041.97,2270.06
8046.35,2273.33
8037.3,2282.6
7999.55,2293.21
8025.09,2299.3
7879.51,2303.12
7788.45,2309.03
7735.95,2322.88
7738.02,2307.03
7422.05,2315.72
7329.06,2291.77
7496.89,2287.61
7430.74,2281.58
7645.49,2288.66
7642.7,2283.2
7485.14,2282.92
7449.03,2286.23
7468.63,2318.25
7437.54,2303.01
7108.4,2308.98
7318.34,2308.46
7167.21,2323.45
7050.29,2339.17
7161.65,2355.43
7305.9,2343.07
7434.06,2338.88
7356.99,2309.57
7328.85,2274.49
7375.96,2267.52
7570.75,2253.83
7530.89,2228.61
7406.9,2129.67
7200.87,2161.85
7200.88,2145.12
7136.39,2145.12
7259.03,2167.51
7247.87,2148.31
7028.48,2156.26
6908.82,2161.71
6972.25,2106.1
6938.98,2097.58
7081.85,2063.3
7082.7,2027.15
7291.59,2014.69
7273.08,2029.69
7330.54,2024.46
7441.51,2096
7158.43,2076.92
7188.26,2089.62
6969.25,2078.69
7020.52,2092.63
7031.83,2086.09
7098.31,2080.44
7070.33,2071.23
6910.67,2068.05
6753.73,2088.06
6783.91,2092.4
6636.83,2100.56
6528.41,2082.58
6332.99,2076.55
6192.92,2069.95
6554.36,2057.48
6579.49,2083.02
6584.52,2099.42
6635.28,2108.22
6665.94,2114.1
6463.5,2096.86
6738.86,2131.93
6823.47,2114.35
6897,2101.31
6957.08,2068.69
6986.07,2075.76
6971.48,2053.79
6905.92,2052.97
7023.83,2082.57
7034.69,2095.55
7084.46,2069.38
7157.23,2071.09
7020.36,2062.11
7025.77,2078.84
7073.46,2060.12
7164.86,2061.49
7085.69,2055.01
7028.29,2028.01
7183.08,2028.44
7281.74,2041.04
7263.87,2010
7347.54,1993.7
7402.08,2010.25
7375.28,2037.1
7288.35,2025.27
7298.2,2064.71
7307.91,2063.28
7414.62,2075.57
7420.38,2064.52
7426.96,2097.18
7472.41,2106.1
7486.77,2107.06
7489.07,2124.28
7459.71,2124.61
7527.55,2117.77
7554.46,2127.78
7549.3,2145.03
7554.51,2177.73
7532.53,2177.3
7595.35,2183.36
7577.57,2206.2
7576.36,2204.85
7505.92,2203.46
7421.46,2203.42
7408.14,2177.05
7558.06,2180.73
7591.03,2190.47
7643.41,2201.48
7630.91,2225.85
7688.53,2196.09
7714.48,2210.89
7723.95,2205.63
7728.97,2229.76
7838.96,2228.66
7642.67,2230.5
7637.54,2232.56
7691.52,2226.6
7643.38,2234.79
7669.17,2195.44
7729.32,2190.66
7828.91,2179.23
7848.69,2175.6
7895.55,2165.79
7891.78,2137.44
7938.69,2138.1
7953.88,2157.18
7909.28,2148.41
7964.24,2155.68
7947.36,2176.11
7984.16,2179.49
7976.01,2177.62
8000.23,2177.1
7996.08,2184.88
7998.06,2186.95
8015.27,2144.86
8120.82,2148.8
8102.02,2145.62
8118.68,2128.1
8146.4,2140.67
8161.85,2168.28
8095.39,2177.18
8049.64,2203.27
8036.77,2206.53
8164,2209.61
8123.29,2210.6
7963.76,2213.56
7943.32,2224.39
7910.59,2224.44
7916.94,2233.45
7647.02,2242.88
7734.49,2248.63
7822.15,2245.89
7898.05,2213.77
7816.29,2216.15
7702.38,2216.65
7785.72,2220.51
7750.84,2201.03
7628.28,2190.5
7637.01,2179.31
7607.35,2216.43
7547.31,2203.59
7567.72,2212.75
7453.15,2196.32
7333.02,2176.99
7527.12,2168.01
7575.48,2102.01
7615.55,2108.04
7742.1,2079.01
7823.17,2081.84
7822.57,2092.78
7792.72,2067.69
7837.13,2055.8
7796.66,2055.71
7845.02,2061.25
7953.88,2064.86
7987.32,2059.59
8051.34,2045.31
8031.71,2044.21
8005.7,2048.83
7884.72,2023.32
7909.97,2038.8
7967.76,2041.74
8006.24,2067.85
8091.16,2066.97
8109.09,2069.11
8170.23,2072.33
8161.79,2099.49
8098.38,2111.81
8141.73,2108.75
8202.53,2103.15
8196.04,2095.41
8244.14,2090.73
8258.19,2098.71
8222.8,2124.78
8185.21,2131.29
8207.24,2125.62
8146.49,2126.33
8204.14,2121.64
8251.4,2121.85
8321.5,2134.32
8238.54,2130.62
8330.21,2129.74
8293.33,2122.02
8273.61,2096.02
8175.42,2108.73
8111.12,2110.59
8004.07,2064.17
7726.04,2052.03
7833.27,2058.78
7862.83,2080.58
8039.16,2086.66
7959.14,2082.48
7863.41,2091.87
8016.36,2072.92
7773.94,2066.55
7766.62,2094.36
7895.99,2093.34
8002.81,2101.45
7948.56,2082.3
8020.21,2074.48
7991.39,2066.26
7751.77,2029.48
7853.74,2038.68
7826.95,2024.55
7856.88,2017.34
7973.39,1998.13
7962.88,1946.98
7874.16,1917.5
7976.88,1909.71
8116.83,1920.61
8103.07,1937.75
8087.44,1942.29
8084.16,1925.83
8169.68,1938.37
8194.47,1927.17
8176.71,1939.9
8153.54,1960.25
8186.02,1964.65
8177.39,1951.01
8182.88,1948.3
8117.67,1916.31
8112.46,1924.6
7993.63,1941.09
8077.38,1933.41
8030.66,1967.79
7939.63,1969.19
7999.33,1965.69
7908.67,1988.53
7785.23,2004.75
7872.25,2009.13
7982.46,2019.55
7956.28,2032.08
7823.76,2049.2
7903.73,2062.22
7950.77,2062.33
8057.04,2070.73
8048.65,2080.35
8148.71,2091.52
8124.18,2091.7
8156.85,2101.04
8089.54,2073.39
8162.99,2074.52
8104.3,2049.93
8119.79,2063.05
8185.8,2072.42
8243.12,2031.91
8325.99,2020.69
8276.85,2021.73
8303.98,2046.25
8292.36,2028.15
8386.4,2044.61
8433.2,2067.4
8434.68,2068.17
8410.63,2082.83
8434.52,2077.94
8475.31,2060.69
8464.28,2064.84
8486.09,2088.86
8482.1,2080.62
8479.02,2085.66
8540.83,2087.89
8549.94,2093.6
8570.66,2092.69
8526.73,2080.27
8506.21,2083.48
8519.89,2100.2
8632.49,2130.24
8647.93,2142.64
8705.17,2144.15
8665.47,2144.29
8567.99,2137.23
8520.64,2124.09
8566.67,2140.92
8570.7,2122.45
8656.53,2139.23
8621.83,2162.18
8616.18,2160.69
8654.05,2153.24
8717.32,2125.32
8734.88,2096.6
8814.23,2101.96
8823.36,2123.5
8827.74,2121.35
8887.22,2127.85
8924.96,2118.6
8945.65,2087.96
8952.88,2091.92
9022.39,2084.07
9006.62,2068.89
8945.99,2060.74
8972.6,2081.85
9092.19,2088.65
9020.77,2098
9071.47,2105.62
9068.58,2137.35
9129.24,2168.15
9203.43,2195.68
9178.86,2194.76
9273.93,2196.56
9251.33,2204.18
9258.7,2203.71
9357.13,2190.08
9388.94,2197.93
9370.81,2204.21
9383.77,2197.67
9402.48,2175.17
9314.91,2176.46
9139.31,2155.07
9269.68,2175.54
9275.16,2151.31
9298.93,2186.45
9150.94,2206.39
9273.4,2229.26
9467.97,2238.88
9508.68,2230.98
9572.15,2248.05
9520.51,2250.57
9628.39,2262.64
9638.94,2239.69
9725.96,2267.25
9711.97,2246.13
9731.18,2176.72
9732.74,2185.28
9817.18,2148
9750.97,2119.01
9576.59,2118.88
9221.28,2157.9
8965.61,2165.63
8980.78,2227.94
8566.48,2211.95
8567.37,2201.07
8952.17,2223.12
8684.09,2238.38
9018.09,2232.96
8738.59,2243.59
8575.62,2242.17
7950.68,2208.88
8344.25,2210.34
7952.05,2195.5
7201.8,2162.84
7874.88,2079.04
6904.59,2103.61
7334.78,2076.77
6989.84,2054.89
7150.58,1987.01
6879.52,2002.51
6860.67,2014.15
7417.86,2059.33
7384.3,2085.26
7797.54,2040.22
7502.38,1954.77
7774.15,1962.93
7700.1,1908.27
7360.58,1834.33
7487.31,1771.44
7373.08,1714.86
7913.24,1672.44
7887.26,1591.2
8090.9,1457.64
8153.58,1566.15
8192.42,1482.46
8515.74,1609.97
8393.18,1704.76
8532.36,1686.24
8650.14,1717.73
8560.73,1717.12
8263.23,1754.64
8495.38,1685.46
8494.75,1724.86
8634.52,1725.44
8730.16,1791.88
8607.73,1823.6
8914.71,1807.14
8889.55,1836.21
8604.95,1860.7
8710.72,1825.76
8809.12,1857.08
8854.39,1857.07
8979.66,1914.53
9121.32,1898.36
9192.34,1879.38
9002.55,1896.15
8863.17,1914.73
8943.72,1889.01
9014.56,1922.77
9234.83,1934.09
9185.1,1947.56
9375.78,1895.37
9284.88,1928.76
9324.59,1928.61
9340.22,1945.82
9412.36,1935.4
9368.99,1922.17
9489.87,1940.42
9552.05,1924.96
9608.38,1927.28
9682.91,1937.11
9615.81,1980.61
9814.08,1989.64
9924.75,1998.31
9953.75,1970.13
10020.35,1994.6
9492.73,2029.78
9588.81,2031.2
9726.02,2028.54
9895.87,2029.6
9910.53,2065.08
9943.05,2087.19
9946.12,2147
10056.48,2151.18
10131.37,2181.87
9909.17,2184.29
10017,2188.92
9757.22,2195.69
9874.15,2176.78
10058.77,2132.3
10154.63,2030.82
10207.63,2138.05
10433.65,2141.05
10343.89,2133.48
10492.5,2141.32
10547.75,2126.73
10617.44,2131.24
10390.84,2161.51
10488.58,2112.37
10550.49,2134.65
10473.83,2093.48
10503.19,2108.33
10767.09,2106.7
10680.36,2135.37
10706.13,2152.41
10461.42,2187.93
10363.18,2164.17
10536.27,2158.88
10402.09,2167.9
10542.94,2150.25
10587.81,2186.06
10745.28,2183.61
10902.8,2201.88
10941.17,2183.76
10998.4,2201.19
11108.07,2198.2
11010.98,2228.83
10968.36,2228.66
10782.82,2216.19
11012.24,2200.44
11042.5,2217.86
11019.3,2256.99
11129.73,2263.16
11210.84,2267.01
11146.46,2249.37
11264.95,2251.04
11311.8,2279.97
11379.72,2311.86
11466.47,2342.61
11665.06,2351.67
11625.34,2386.38
11695.63,2418.67
11775.46,2432.35
11939.67,2437.53
12056.44,2407.49
11458.1,2348.24
11313.13,2360.54
10847.69,2274.22
11141.56,2304.59
10919.59,2329.83
10853.55,2366.73
11056.65,2369.32
11190.32,2344.45
11050.47,2353.8
10910.28,2326.17
10793.28,2349.55
10778.8,2364.37
10963.64,2395.9
10632.99,2368.25
10672.27,2384.22
10913.56,2375.81
11117.53,2396.48
11085.25,2396.69
11167.51,2427.91
11326.51,2443.58
11075.02,2435.92
11332.49,2406.17
11154.6,2412.4
11364.6,2389.39
11420.98,2332.59
11579.94,2333.24
11876.26,2272.7
11863.9,2278.79
11768.73,2308.08
11713.87,2327.89
11671.56,2358
11478.88,2365.9
11516.49,2386.94
11484.69,2391.96
11506.01,2403.73
11548.28,2403.15
11358.94,2380.48
11431.35,2361.21
11004.87,2341.53
11185.59,2346.74
10911.59,2358.41
10957.61,2370.86
11160.57,2355.05
11590.78,2360.81
11890.93,2343.91
11895.23,2330.84
11713.78,2345.26
11553.86,2326.67
11786.43,2267.15
11709.59,2300.16
11829.29,2343.31
11924.13,2357.32
11899.34,2413.79
11801.6,2416.5
11904.71,2447.2
11854.97,2452.83
11880.63,2485.87
12036.79,2475.62
12094.4,2493.87
12205.85,2543.03
12198.74,2539.15
12355.11,2545.64
12349.37,2547.42
12377.18,2553.5
12464.23,2602.59
12519.95,2617.76
12582.77,2601.54
12338.95,2625.91
12405.81,2633.45
12377.87,2591.34
12440.04,2634.25
12595.06,2675.9
12658.19,2696.22
12764.75,2731.45
12755.64,2745.44
12742.52,2700.93
12807.92,2755.47
12771.11,2746.46
12804.73,2770.06
12899.42,2762.2
12850.22,2756.82
12870,2771.79
12888.28,2770.43
12698.45,2772.18
12818.96,2778.65
12740.79,2733.68
13067.48,2759.82
13201.98,2806.86
13036.43,2808.6
13072.43,2820.51
13128.95,2873.47
13112.64,2944.45
12998.5,2990.57
13197.18,2968.21
13457.25,3031.68
13530.92,3152.18
13543.06,3148.45
13635.99,3125.95
13626.07,3148.29
13270.6,3149.93
13337.16,3085.9
13070.7,3013.93
13403.39,3092.66
13612.78,3114.55
13610.54,3160.84
13777.74,3140.63
13856.3,3208.99
13987.64,3140.31
14007.7,3122.56
13972.53,3069.05
14025.77,2976.21
14095.47,3056.53
14047.5,3096.81
13965.5,3129.68
13865.36,3087.55
13874.46,3120.63
13533.05,3091.24
13465.2,3084.67
13597.97,3100.58
13119.43,3147
13192.35,3163.25
13588.83,3133.73
13358.79,3086.66
12997.75,3107.62
12723.47,3079.75
12920.15,3070.09
12609.16,2994.98
13073.83,3099.69
13068.83,3012.95
13398.67,3043.87
13319.87,3082.99
13459.71,3043.49
13471.57,3026.26
13525.2,2996.11
13116.17,2976.12
13215.24,2958.12
13377.54,3013.7
13227.7,3054.39
12961.89,3045.71
12977.68,3067.17
13138.73,3047.5
13059.65,3066.01
13045.39,3039.53
13246.87,3035.46
13480.11,3004.74
13705.59,2996.35
13698.38,3008.33
13688.84,3041.01
13829.31,3036.04
13900.19,3070
13850,3061.42
13996.1,3087.4
13857.84,3112.8
14038.76,3120.83
14052.34,3127.08
13914.77,3137.41
13786.27,3143.26
13950.22,3131.88
13818.41,3135.59
14016.81,3169.08
14138.78,3182.38
14090.22,3194.33
14051.03,3198.62
14082.55,3198.84
13962.68,3220.7
13895.12,3171.66
13633.5,3177.52
13582.43,3186.1
13632.84,3217.53
13752.24,3215.42
13401.86,3181.47
13389.43,3174.07
13031.68,3147.86
13124.99,3127.2
13429.98,3147.37
13379.05,3178.74
13303.64,3197.2
13299.74,3249.3
13535.74,3209.43
13470.99,3161.66
13661.17,3122.11
13657.17,3153.32
13738,3134.52
13736.28,3173.05
13748.74,3162.28
13736.48,3156.42
13756.33,3144.3
13614.51,3171.32
13814.49,3168.43
13881.72,3165.51
13924.91,3188.73
13911.75,3203.92
14020.33,3221.87
14069.42,3224.23
14174.14,3247.43
14072.86,3240.08
14039.68,3252.12
14161.35,3247.83
14030.38,3216.18
14141.48,3224.64
14253.27,3249.32
14271.73,3252.13
14369.71,3258.63
14360.39,3278.68
14500.51,3264.96
14528.34,3267.93
14503.95,3240.79
14522.38,3263.88
14639.33,3276.19
14663.64,3286.1
14665.06,3302.84
14559.79,3301.89
14701.92,3286.68
14733.24,3296.68
14677.65,3282.06
14644.95,3281.78
14543.13,3293.21
14427.24,3305.21
14274.98,3285.34
14498.88,3252.68
14631.95,3217.95
14684.6,3246.47
14836.99,3271.38
14840.71,3264.81
14660.58,3286.22
14762.58,3276.91
14778.26,3244.04
14672.68,3232.7
14681.07,3215.91
14761.3,3250.21
14780.53,3254.42
14895.12,3224.95
14835.76,3232.53
14860.18,3236.86
14788.09,3242.65
14765.14,3202.32
14816.26,3223.04
14822.9,3237.14
14793.76,3280.38
14656.18,3276.13
14525.91,3270.36
14541.79,3260.42
14714.66,3243.19
14942.65,3220.62
15019.8,3208.38
15041.86,3171.29
14945.81,3143.09
15129.5,3158.93
15265.89,3097.83
15259.24,3060.51
15309.38,3090.21
15331.18,3138.3
15363.52,3146.81
15374.33,3128.53
15286.64,3133.9
15248.25,3144.19
15115.49,3199.27
15105.58,3207.02
15037.76,3175.85
15161.53,3201.06
15181.92,3203.33
15043.97,3187.42
14713.9,3162.99
14746.4,3114.7
14896.85,3125.76
15052.24,3127.86
15047.7,3148.83
14969.97,3153.4
14546.68,3130.09
14512.44,3140.51
14448.58,3127.58
14566.7,3125.24
14255.49,3133.64
14433.83,3097.92
14501.91,3060.27
14654.02,3068.82
14579.54,3019.18
14486.2,2962.17
14465.93,2908.31
14571.64,2959.46
14823.43,2956.3
14897.34,2916.38
15021.81,2944.41
15129.09,2988.64
15121.68,3015.06
15215.7,3006.68
15090.2,3029.04
15226.71,3013.13
15235.72,3007.33
15235.84,3006.16
15448.12,3020.54
15498.39,3049.08
15595.92,3025.49
15649.6,3009.55
15811.58,2970.68
15940.31,2978.94
15971.59,3013.49
15982.36,2975.71
15886.54,2983.22
15622.71,2969.27
15704.28,2960.2
15860.96,2962.46
15853.85,2930.17
15973.86,2924.92
15921.57,2968.8
15993.71,2999.52
16057.44,2997.21
15854.76,2962.42
15775.14,2947.38
15845.23,2971.02
15491.66,3013.25
15782.83,2997.33
15537.69,2994.29
15254.05,2980.27
15381.32,2936.44
15085.47,2909.32
15225.15,2839.01
15686.92,2899.72
15786.99,2945.27
15517.37,2968.33
15630.6,2973.25
15413.28,2991.72
15237.64,3001.8
15565.58,3029.57
15180.44,3010.23
15169.68,3001.66
14980.94,2987.95
15341.09,2989.39
15521.89,3006.41
15653.37,3017.73
15871.26,2963
15781.72,2975.03
15766.22,2984.48
15741.56,2998.17
15644.97,3012.43
15832.8,2999.55
15622.72,3020.24
15100.17,2993.29
15080.87,2977.65
14935.9,2988.77
14942.83,2989.24
15153.45,2953.97
15188.39,2920.53
14806.81,2954.89
14893.75,2926.72
14506.9,2927.38
14340.26,2972.48
14154.02,2962.09
13768.92,2921.92
13855.13,2890.1
13539.3,2864.24
13542.12,2842.28
13352.78,2862.68
13770.57,2834.29
14239.88,2792
14346,2720.39
14417.55,2709.24
13878.82,2614.49
14098.01,2663.34
14015.67,2707.82
14194.46,2750.26
14490.37,2745.06
14185.64,2746.47
13791.15,2768.85
13790.92,2771.93
14139.76,2747.71
14124.1,2704.48
13716.72,2676.54
13548.07,2729.68
13381.52,2744.09
13037.49,2744.52
13473.59,2743.8
13694.62,2706.79
13751.4,2719.53
13532.46,2648.8
13752.02,2676.76
13537.94,2699.18
13313.44,2703.52
12830.96,2747.08
12795.55,2713.43
13255.55,2651.31
13129.96,2622.4
12843.81,2680.32
12581.22,2661.28
12948.62,2645.65
13436.55,2621.53
13614.78,2659.23
13893.84,2694.51
13838.46,2707.02
14108.82,2686.05
13922.6,2710
14191.84,2735.05
14169.3,2729.66
14354.9,2729.98
14619.64,2729.56
14442.28,2741.07
14220.52,2746.74
14261.5,2757.65
14532.55,2739.85
14204.17,2757.9
13888.82,2759.2
13897.3,2735.03
13711,2695.86
13411.96,2700.39
13371.57,2693.1
13643.59,2666.76
13351.08,2716.49
13332.36,2716.71
13619.66,2696.06
13453.07,2693.21
13174.65,2718.89
12839.29,2718.69
13004.85,2728.21
12490.74,2704.71
12488.93,2657.13
12871.53,2668.31
12334.64,2639.06
12536.02,2667.49
12563.76,2695.05
12964.86,2687.45
12317.69,2680.46
12144.66,2677.57
11623.25,2644.51
11737.67,2610.81
11364.24,2596.56
11370.96,2592.27
11805,2550.08
11662.79,2604.24
11984.52,2596.58
11418.15,2620.44
11388.5,2625.98
11354.62,2592.34
11535.28,2639.29
11264.45,2647.38
11434.74,2605.87
11740.65,2617.22
12131.13,2612.45
12081.39,2638.05
11994.46,2669.66
12316.9,2685.9
12012.73,2658.99
12061.37,2670.65
12175.23,2626.34
12086.27,2626.15
11754.23,2625.44
11340.02,2595.87
10809.23,2504.51
10828.35,2492.97
11099.16,2447.38
10646.1,2451.41
10798.35,2440.93
11069.3,2391.03
11053.08,2408.93
11232.19,2342.81
11607.62,2314.32
11524.55,2366.6
11181.54,2401.92
11177.89,2422.09
11028.74,2377.99
11127.85,2332.64
11322.24,2305.42
11361.85,2300.34
11621.35,2341.78
11635.31,2292.01
11372.6,2334.27
11264.73,2350.61
11247.58,2340.27
11251.19,2317.76
11452.42,2328.61
11360.05,2322.32
11713.15,2330.98
11897.65,2375.25
12059.61,2370.97
11834.11,2386.85
11782.67,2409.16
11562.58,2393.14
12032.42,2403.69
12162.59,2412.96
12390.69,2415.53
12368.98,2435.27
12348.76,2451.5
12668.16,2452.25
12720.58,2439.62
12657.56,2461.45
12644.46,2473.11
12493.93,2490.8
12854.81,2493.1
12779.91,2503.46
13047.19,2480.88
13128.05,2523.78
13102.55,2527.94
12938.12,2533.52
12965.34,2516.47
12705.22,2508.05
12381.57,2492.69
12381.3,2462.5
12431.53,2435.34
12639.27,2447.45
12141.71,2477.26
12017.67,2481.03
11883.14,2426.89
11816.2,2450.93
11785.13,2472.05
11630.86,2415.61
11544.91,2409.41
11791.9,2403.68
11862.13,2410.02
12112.31,2376.46
12266.41,2384.28
11633.57,2449.54
11719.68,2411.42
11552.36,2401.83
11448.4,2382.78
11535.02,2355.66
11425.05,2367.85
11220.19,2347.21
11066.81,2332.31
10867.93,2290
10802.92,2220.94
10829.5,2223.86
11051.64,2169.29
10737.51,2170.93
10575.62,2155.49
10815.44,2209.38
11176.41,2215.22
11148.64,2237.86
11073.31,2232.84
10652.41,2192.07
10542.1,2202.47
10426.19,2162.87
10417.1,2212.55
10649.15,2219.71
10321.39,2249.95
10675.8,2237.44
10772.4,2218.09
10680.51,2213.12
10614.84,2236.16
10859.72,2235.07
10952.61,2249.56
11199.12,2288.78
10970.99,2268.4
10792.68,2293.61
11102.45,2335.22
10988.15,2336.87
10890.85,2329.17
10524.8,2348.43
10342.94,2371.79
10475.25,2399.04
10564.52,2424.41
10616.2,2402.23
10353.17,2483.16
11114.15,2474.65
11323.33,2480.33
11196.22,2477.45
11358.41,2442.9
11183.66,2444.48
11144.96,2419.5
11146.06,2405.27
11024.51,2418.01
11174.41,2441.33
11285.32,2437.86
11226.36,2408.27
11049.5,2433.39
10983.78,2472.53
11468,2479.84
11482.45,2434.33
11461.5,2419.32
11239.94,2393.16
11014.89,2382.81
10958.55,2371.08
11082,2389.04
11004.62,2373.02
11143.74,2372.4
11256.81,2399.25
11170.89,2360.97
10810.53,2360.02
10705.41,2352.17
10546.03,2333.29
10547.11,2328.95
10709.37,2356.73
10476.12,2313.69
10497.86,2317.14
10353.23,2332.79
10213.29,2280.45
10478.09,2236.4
10466.48,2225.67
10386.99,2218.68
10458.76,2255.98
10305.24,2264.65
10569.29,2289.97
10635.65,2350.19
10742.63,2351.31
10931.67,2359.53
11001.11,2365.1
11079.16,2386.09
11095.11,2399.86
10957.01,2379.39
10852.27,2368.32
11140.43,2380.34
11364.41,2395.26
11334.27,2428.57
11313.36,2468.65
11512.41,2484.02
11621.71,2450.47
11393.81,2425.08
11584.55,2449.8
11816.32,2468.88
12200.82,2480.4
12006.96,2438.19
11887.45,2451.71
12113.79,2483.64
11910.52,2481.52
11789.58,2469.73
11718.12,2452.7
11891.79,2465.64
11960.15,2427.9
12070.59,2475.48
11855.83,2451.21
11787.27,2455.12
11492.3,2458.96
11507.07,2417.68
11590.4,2439.09
11394.94,2423.61
11466.98,2402.64
11455.54,2412.85
11379.48,2427.85
11462.98,2432.07
11689.01,2462.62
11675.74,2463.35
11530.33,2431.91
11576,2419.09
11338.36,2394.59
11138.89,2410.6
11188.84,2348.97
11428.15,2379.72
11434.05,2377.91
11717.28,2395.69
11630.51,2379.2
11675.54,2388.35
11860.11,2416.96
11669.96,2424.48
11787.4,2414.96
11823.96,2409.22
11768.84,2434.94
11716.08,2443.92
11926.24,2453.16
12013.47,2476.86
12221.91,2472.34
